{
  "created": 1766956297.337107,
  "runs": 15,
  "visitors_seen": [],
  "last_run": 1784712428.573487,
  "visitor_count": 68
}