{
  "created": 1766956297.337107,
  "runs": 14,
  "visitors_seen": [],
  "last_run": 1784711130.1603048,
  "visitor_count": 67
}