{
  "created": 1766956297.337107,
  "runs": 5,
  "visitors_seen": [],
  "last_run": 1779522013.46843,
  "visitor_count": 50
}