{
  "created": 1766956297.337107,
  "runs": 1,
  "visitors_seen": [],
  "last_run": 1766956297.337108,
  "visitor_count": 22
}