{
  "created": 1766956297.337107,
  "runs": 4,
  "visitors_seen": [],
  "last_run": 1779519898.552862,
  "visitor_count": 46
}