{
  "created": 1766956297.337107,
  "runs": 10,
  "visitors_seen": [],
  "last_run": 1784706976.900574,
  "visitor_count": 62
}