{
  "created": 1766956297.337107,
  "runs": 8,
  "visitors_seen": [],
  "last_run": 1781076981.090585,
  "visitor_count": 59
}