{
  "created": 1766956297.337107,
  "runs": 12,
  "visitors_seen": [],
  "last_run": 1784707400.7668638,
  "visitor_count": 63
}