{
  "created": 1766956297.337107,
  "runs": 16,
  "visitors_seen": [],
  "last_run": 1784782996.6429381,
  "visitor_count": 69
}