{
  "created": 1766956297.337107,
  "runs": 2,
  "visitors_seen": [],
  "last_run": 1779518700.540153,
  "visitor_count": 44
}