{
  "created": 1766956297.337107,
  "runs": 7,
  "visitors_seen": [],
  "last_run": 1779524578.366771,
  "visitor_count": 54
}