{
  "created": 1766956297.337107,
  "runs": 13,
  "visitors_seen": [],
  "last_run": 1784708970.8128269,
  "visitor_count": 64
}